/TXT_Materials/TXT_Carpaint,Car paint Black,FC973D4D-DD68-4C75-B294-60E2659B765D
/TXT_Materials/TXT_Carpaint,Car paint Black Matte,4F054566-5445-406C-9DAC-F890B55DA39B
/TXT_Materials/TXT_Carpaint,Car paint Dark Grey,1B340644-3868-43A2-84D2-A4A1985F1A55
/TXT_Materials/TXT_Carpaint,Car paint Dark Grey Matte,7EDB39F6-C3C8-4E36-9D0C-ECE49150EB67
/TXT_Materials/TXT_Carpaint,Car paint Silver Pearl,07547ED3-50C6-4D58-9859-1373D5159A79
/TXT_Materials/TXT_Carpaint,Car paint Grey,3C61741F-6E85-46DF-A244-B4C5C5BE7EF8
/TXT_Materials/TXT_Carpaint,Car paint Grey Matte,0FA58122-1E05-4B47-96E3-2593A784E971
/TXT_Materials/TXT_Carpaint,Car paint Silver,F6197E55-B869-406A-9B44-DF39A1C7C20D
/TXT_Materials/TXT_Carpaint,Car paint Light Grey,6FD29CDD-0280-4412-A8D4-6705D22DF866
/TXT_Materials/TXT_Carpaint,Car paint Pearl,AE2DB045-7E12-42AA-99CB-FED2FB800EC7
/TXT_Materials/TXT_Carpaint,Car paint White,B449D760-6800-47F9-AB89-4CF838A5D9B1
/TXT_Materials/TXT_Carpaint,Car paint White Matte,F5DA999B-ADA6-4FD2-A010-02E0D6416422
/TXT_Materials/TXT_Carpaint,Car paint Dark Red,1FE3B751-61EB-469D-ACC4-50A0727310FB
/TXT_Materials/TXT_Carpaint,Car paint Cherry,659942CA-CC6B-4B0B-B125-6DE46B410464
/TXT_Materials/TXT_Carpaint,Car paint Vivid Red,F74DE049-9DBB-4A0C-990B-80D1602FE044
/TXT_Materials/TXT_Carpaint,Car paint Plum,BB2ACA61-3E52-4C25-A44B-2978756B2360
/TXT_Materials/TXT_Carpaint,Car paint Chocolat,86C76CA2-546B-4EB4-B7AF-19D65BB85A8F
/TXT_Materials/TXT_Carpaint,Car paint Brown,7B854BEC-C83A-47C4-A053-A309B4F3C0D8
/TXT_Materials/TXT_Carpaint,Car paint Beige,8144DC9E-702B-4B67-BFFB-88AEFD49EF34
/TXT_Materials/TXT_Carpaint,Car paint Coral,C1125266-E2B2-4477-9117-CEE08B497FE1
/TXT_Materials/TXT_Carpaint,Car paint Orange,D5D09729-E118-4EB8-852F-2A59718A15F9
/TXT_Materials/TXT_Carpaint,Car paint Gold,8E38B346-9456-4415-A1FF-4E123AA596C6
/TXT_Materials/TXT_Carpaint,Car paint Yellow,6974B024-5976-47C4-9CFC-43446A57AEEF
/TXT_Materials/TXT_Carpaint,Car paint Dark Blue,D2691709-B852-4FC7-AA50-3952A69CDD70
/TXT_Materials/TXT_Carpaint,Car paint Dark Blue Matte,C0100418-33B9-4FEB-A12F-E893EEDFDC78
/TXT_Materials/TXT_Carpaint,Car paint Sea Pearl,44AA3269-4842-457A-B807-05EA73A65A6A
/TXT_Materials/TXT_Carpaint,Car paint Blue,7274B80F-E4E1-4945-AEC8-E7D5E6B8CF23
/TXT_Materials/TXT_Carpaint,Car paint Ocean,AB5C1F86-F14B-4E17-80B3-50FF62C8C00F
/TXT_Materials/TXT_Carpaint,Car paint Light Blue,45B96C28-6620-4624-ADDC-188097197086
/TXT_Materials/TXT_Carpaint,Car paint Turquoise,18FF9640-72CA-4480-B97C-83178A309E02
/TXT_Materials/TXT_Carpaint,Car paint Green,0B109127-61DE-4AE5-8480-8239FCC76E8B
/TXT_Materials/TXT_Carpaint,Car paint Khaki Matte,310E118B-7532-4D2F-A9AA-A27D3F0DEDEA
/TXT_Materials/TXT_Carpaint,Car paint Lagoon,5F37E2E6-BA7A-4623-8DDA-349B7C8829F3
/TXT_Materials/TXT_Carpaint,Car paint Apple Green,E6934FAA-6679-4C2C-91A8-6441D20E1972
/TXT_Materials/TXT_Modelling,Clay01,5358348E-4C25-4A23-A025-1B214945EADE
/TXT_Materials/TXT_Modelling,Clay02,9F2F2475-5206-474C-B72A-BC29D3760497
/TXT_Materials/TXT_Modelling,Clay03,DF310174-6391-4A92-8753-5D922BCFECDA
/TXT_Materials/TXT_Modelling,Carved wood,D4AB2741-1691-4837-9B77-AF15804411FF
/TXT_Materials/TXT_Modelling,Chiseled stone,7489ED87-128F-4243-99CB-2238A4408485
/TXT_Materials/TXT_Modelling,3d Printed,C00C3A4C-79A5-472C-92A8-08C619ED9100
/TXT_Materials/TXT_Modelling,Cardboard,BBCDE3D7-8ACE-4BA7-ADE0-6693931F5D2A
/TXT_Materials/TXT_Modelling,Wet plaster,33A09BBF-F5DD-41A6-99A8-A77713831725
/TXT_Materials/TXT_Subsurface,White styrofoam,C7D68E0C-598C-4DA3-B002-875DD6ACF1E6
/TXT_Materials/TXT_Subsurface,Blue foam,2BFEEDCD-6B49-4063-A792-A6DD5FBC25CE
/TXT_Materials/TXT_Subsurface,Jade,1D8C6609-F681-4779-B855-B937A2D6565D
/TXT_Materials/TXT_Subsurface,Wax,09CFEC07-DE50-44AA-82DA-4AC5C72CEA97
/TXT_Materials/TXT_Subsurface,Grape skin,3F54991C-B206-4D99-8B64-49D6F9F15795
/TXT_Materials/TXT_Subsurface,Veinous network,55864395-93F1-494C-8940-F868ACF5A994
/TXT_Materials/TXT_Subsurface,Ice 1,B31491E0-F96E-4CD9-886D-4416B10243B6
/TXT_Materials/TXT_Subsurface,Ice 2,D5E57195-566E-4FDF-AB26-BC88EF7CDA73
/TXT_Materials/TXT_Subsurface,Ice 3,89B07470-5E3D-4474-BCBF-90B12376157B
/TXT_Materials/TXT_Subsurface,Blobs,99EE0B37-FEFC-4570-A2EC-A5336A64E8E2
/TXT_Materials/TXT_Water,Pool 01,0041159A-3925-4FAB-9E9F-325C6273C8F1
/TXT_Materials/TXT_Water,Pool 02,39472F3A-600A-4116-97C8-2EC9BC03A5A9
/TXT_Materials/TXT_Water,River 01,EA48CB44-7D0D-40BD-8FC0-D6B26AA4105A
/TXT_Materials/TXT_Water,River 02,FEDDFA78-82AD-43EF-B2E7-56B3688C7F6D
/TXT_Materials/TXT_Water,Lake 01,E070F20E-1B0B-4CBB-9CE2-56FE3B8146F3
/TXT_Materials/TXT_Water,Lake 02,28754ADA-D1E3-4A7F-AC4D-01AFCC59DCC3
/TXT_Materials/TXT_Water,Sea 01,20A141CB-C53F-42F1-AEE4-DF461A1E90E3
/TXT_Materials/TXT_Water,Sea 02,746D7E7E-42E0-4A31-8E7A-CD8162A253EC
/TXT_Materials/TXT_Videos,Video sample,074489A7-B186-43B4-8F30-7FE0E9178BCA
/TXT_Materials/TXT_Neons,Neon 01,4A4ACA1B-7F59-4750-9775-50E49753ECF4
/TXT_Materials/TXT_Neons,Neon 02,DC148633-BF5B-4F9B-95A8-DF172CDFB353
/TXT_Materials/TXT_Neons,Neon Smooth Blink,C0405B37-55F9-496B-B568-79B2DF666463
/TXT_Materials/TXT_Neons,Neon Sharp Blink,42D7D880-56E8-4392-8866-EE19175F40E7
/TXT_Materials/TXT_Neons,Stroboscope,1A662C97-7669-4783-8CDE-FC25A4242D8E
/TXT_Materials/TXT_Neons,Police Beacon,3257A695-7FB4-4B8B-81B1-6523EAE2C499
/TXT_Materials/TXT_Neons,Multicolored Neon,6F5D7152-583B-43E3-95C9-DAB207F9BBFD
/TXT_Materials/TXT_Leather,Full grain 01,6D24A0FF-F687-40B1-B186-A5A121343952
/TXT_Materials/TXT_Leather,Full grain 02,67462A64-D85E-46E2-A64E-970B38763DFE
/TXT_Materials/TXT_Leather,Full grain 03,5A3218C9-C619-457C-A884-B32AC9388E98
/TXT_Materials/TXT_Leather,Nubuck 01,A2DF7021-30B0-4563-AE55-781BDDB54701
/TXT_Materials/TXT_Leather,Padded leather 01,95230320-2C4C-43E7-B72A-A997139C1062
/TXT_Materials/TXT_Leather,Padded leather 02,52F4DA6E-8123-4E03-930D-65CBAD44D535
/TXT_Materials/TXT_Leather,Padded leather 03,D814787A-0656-4CBD-830D-1FE5CC6E6B20
/TXT_Materials/TXT_Leather,Split leather 01,AAE8DB91-2AB4-46ED-AA1E-F8032E3635B5
/TXT_Materials/TXT_Leather,Split leather 02,A71AE75B-A8DD-4968-BF11-44027C41FF5A
/TXT_Materials/TXT_Leather,Top grain 01,355ABF9C-C838-40E7-93AF-AD5862AE1B89
/TXT_Materials/TXT_Leather,Top grain 02,7A6516F3-087E-433F-9F8C-BA649A47DA6E
/TXT_Materials/TXT_Leather,Top grain 03,86916CBF-B3AB-4F70-88A1-13B5E713806F
/TXT_Materials/TXT_Leather,Top grain 04,60CD663F-5643-4361-A2D4-C47C0C7D7968
/TXT_Materials/TXT_Leather,Top grain 05,E9663A56-D98C-4574-9238-9A20EB46C663
/TXT_Materials/TXT_Leather,Wall tiles leather 01,A1F30CD2-05DD-43C8-9DC3-A431EB22A71D
/TXT_Materials/TXT_Fabric,Carpet sisal quad,65C52961-1491-467D-B243-902A9A1B4842
/TXT_Materials/TXT_Fabric,Carpet velvet 01,878ABBBA-28ED-4C14-9AB5-244C8FEDDA96
/TXT_Materials/TXT_Fabric,Carpet velvet 02,9317627B-7254-4594-A428-E3B94073522D
/TXT_Materials/TXT_Fabric,Carpet velvet 03,A587899A-C3B4-462E-A91B-63D8087C5F14
/TXT_Materials/TXT_Fabric,Carpet wool busy 01,2942B22E-5F72-4D51-88CD-7CE7D8AE876B
/TXT_Materials/TXT_Fabric,Carpet wool dak 01,66BFC5EE-E248-4C84-9ACF-9466B2354CCA
/TXT_Materials/TXT_Fabric,Carpet wool hirst 01,E0C93D78-E501-4A38-AD83-5B8C83DD0A76
/TXT_Materials/TXT_Fabric,Carpet wool laos 01,6968824E-EEA3-484E-9576-FEED17762D1A
/TXT_Materials/TXT_Fabric,Carpet wool laos 02,2DFB98EB-2036-4111-BF41-22A3F39C703F
/TXT_Materials/TXT_Fabric,Carpet wool laos 03,EC97F399-F223-4B65-A83B-E9444A80B14B
/TXT_Materials/TXT_Fabric,Carpet wool sedona 01,1F3EB311-3D6A-42FC-906C-6A1C4ECF3454
/TXT_Materials/TXT_Fabric,Carpet wool sedona 02,4359C010-1A85-4FC7-8132-8CB499CA4C87
/TXT_Materials/TXT_Fabric,Carpet wool sedona 03,A02C3132-7315-4CC6-A57A-8DD247BAEC2E
/TXT_Materials/TXT_Fabric,Carpet wool tile 01,6C344BFD-BDD2-4045-BF9D-E50E0B8B2968
/TXT_Materials/TXT_Fabric,Carpet wool var 01,A5E5BFAF-C3AF-4C7F-A043-FCC30FE1CBD7
/TXT_Materials/TXT_Fabric,Carpet wool var 02,EDDAA27C-93B9-4FF7-9F90-A1CBA78835DD
/TXT_Materials/TXT_Fabric,Carpet wool var 03,1C1BBEE9-4DBA-4665-82B0-4A5CA0389F5D
/TXT_Materials/TXT_Fabric,Fabric diamond 01,58F244F5-6AE6-4D93-9A73-893F0EE74DFB
/TXT_Materials/TXT_Fabric,Fabric velvet 01,EA7DDCA3-0B9E-46ED-A8E8-710F4B96E984
/TXT_Materials/TXT_Fabric,Fabric wool 01,C999B7CD-2066-4961-8EFE-4966A6139500
/TXT_Materials/TXT_Fabric,Fabric wool base 01,F2A335CB-F1A5-42FE-BC10-0456E66D2857
/TXT_Materials/TXT_Fabric,Fabric wool break 01,47E91B17-0DAD-413C-8B90-359DF5DAE13A
/TXT_Materials/TXT_Fabric,Fabric wool chevron 01,C8652C9F-7909-45BA-B50B-57E41CCB9442
/TXT_Materials/TXT_Fabric,Fabric wool chevron 02,6CF140C9-0E52-42CD-A190-85A4184A4C4B
/TXT_Materials/TXT_Fabric,Fabric wool shaggy 01,982210FD-67D6-42C1-BAB6-A0D09E2B58FD
/TXT_Materials/TXT_Fabric,Fabric wool stripe 01,71EFEBCE-E5C6-42C6-8271-BC7ECA903553
/TXT_Materials/TXT_Fabric,Fabric wool triangle 01,09924878-6B87-4B3E-967B-12615FC92CC1
/TXT_Materials/TXT_Fabric,Fabric wool triangle 02,36EED47E-C86A-433D-93B0-EB90CAE5FE0B
/TXT_Materials/TXT_Fabric,Fabric zebra 01,B41706F7-8AD3-480C-80DE-BD7F53761CC3
/TXT_Materials/TXT_Fabric,Long pile carpet 01,239C760D-03CA-4534-8242-40234FF9287D
/TXT_Materials/TXT_Fabric,Long pile carpet 02,E2B8B5FF-2CCF-480C-98CC-369A84A37F19
/TXT_Materials/TXT_Fabric,Long pile carpet 03,2093FF2F-9BE1-4D48-AEE0-46167D4D16B9
/TXT_Materials/TXT_Fabric,Long pile carpet 04,2DB40DCB-2B54-4B55-BE46-B7820D5E2068
/TXT_Materials/TXT_Fabric,Long pile carpet 05,DEC06AAE-F9B9-491D-96D7-05C879AA13A7
/TXT_Materials/TXT_Fabric,Long pile carpet 06,56991CE1-1FAC-457A-AA61-275E8219FE7E
/TXT_Materials/TXT_Fabric,Long pile carpet 07,D9B50719-72C3-4D26-8C91-131E7B1445DB
/TXT_Materials/TXT_Fabric,Long pile carpet 08,8C62A558-9FB0-4814-A548-D67BEEC32C32
/TXT_Materials/TXT_Fabric,Long pile carpet 09,4F7DF597-21E3-4557-B064-B6701C70C9B8
/TXT_Materials/TXT_Tiles,Cement tiles 1,BF249FA1-C576-45C7-8A39-5BC75CB17394
/TXT_Materials/TXT_Tiles,Cement tiles 2,DD46580C-0E38-4D3A-94C2-A3C81F400E49
/TXT_Materials/TXT_Tiles,Cement tiles 3,7615419A-8B2D-410A-9AF9-ADC7C2E2D29E
/TXT_Materials/TXT_Tiles,Cement tiles 4,A34F8427-2E75-4065-AF67-8135010B6CBA
/TXT_Materials/TXT_Tiles,Cement tiles 5,3D0EBD34-8E7F-4EA6-91D3-1B73DC8CE6F5
/TXT_Materials/TXT_Tiles,Cement tiles 6,9B63C1F8-616E-411B-ABF4-F8DE7690025D
/TXT_Materials/TXT_Tiles,Cement tiles 7,D6EDAF29-E956-4FA6-98B3-7A9F5B4DC9EA
/TXT_Materials/TXT_Tiles,Cement tiles 8,201CE74A-7BBE-417C-B682-A76D68C79061
/TXT_Materials/TXT_Tiles,Cement tiles 9,90BD9161-B37F-4F04-8758-39A08055136A
/TXT_Materials/TXT_Tiles,Cement tiles 10,944CFC6B-CC6E-45C6-A7A5-900D1375B658
/TXT_Materials/TXT_Tiles,Cement tiles 11,AA5EA7E4-43BA-43FC-B483-0BB67B4D5A0D
/TXT_Materials/TXT_Tiles,Cement tiles 12,5805ABEB-04D4-4026-A378-04EE6A7A99BC
/TXT_Materials/TXT_Tiles,Cement tiles 13,2122D079-63FD-41C1-8955-594C9273A8DC
/TXT_Materials/TXT_Tiles,Ceramic tiles 1,B3F8026C-BFA5-4058-9DE1-5857B3A5B4C5
/TXT_Materials/TXT_Tiles,Ceramic tiles 2,1F9AB281-8883-4B21-801F-31AE157E5EC3
/TXT_Materials/TXT_Tiles,Ceramic tiles 3,32046826-0C48-4916-8C99-C24EF43F9FFC
/TXT_Materials/TXT_Tiles,Ceramic tiles 4,57E1F555-82A3-4472-8092-FBFBC31F0603
/TXT_Materials/TXT_Tiles,Ceramic tiles 5,7F6EAA8B-4FE0-48CC-918D-0B13406A7FEC
/TXT_Materials/TXT_Tiles,Ceramic tiles 6,80A3D9BA-73EC-4C4C-AEB1-45931F5ECBF6
/TXT_Materials/TXT_Tiles,Ceramic tiles 7,BC3CCAB2-E0A5-4C33-A9D8-599F7042E82B
/TXT_Materials/TXT_Tiles,Ceramic tiles 8,67FCAD3D-3289-4582-954D-A658C0134124
/TXT_Materials/TXT_Tiles,Ceramic tiles 9,B40A581C-5A7B-4A70-9576-7DEC6CB62FED
/TXT_Materials/TXT_Tiles,Ceramic tiles 10,6B514295-E097-4E50-BF60-A193FDF56D97
/TXT_Materials/TXT_Tiles,Concrete tiles 1,D8041B86-F10C-4DBC-A9B5-208CB5DD89BC
/TXT_Materials/TXT_Tiles,Concrete tiles 2,805A9B87-EF04-401B-BAC8-A720D2FAB50E
/TXT_Materials/TXT_Tiles,Concrete tiles 3,E058A9CE-17AA-47D2-AF67-A1434F35E810
/TXT_Materials/TXT_Tiles,Concrete tiles 4,EA13BEC9-48F3-4971-8E68-733F30D6216E
/TXT_Materials/TXT_Tiles,Concrete tiles 5,C4DBA457-17DD-4556-83A7-0A3CE201986B
/TXT_Materials/TXT_Tiles,Concrete tiles 6,E5C127A1-D062-4436-B71B-F8C18895837F
/TXT_Materials/TXT_Tiles,Concrete tiles 7,CA04CB3A-32AE-4838-B665-C71C8C2A8D34
/TXT_Materials/TXT_Tiles,Concrete tiles 8,099685AE-73DB-42EA-BEE5-213666AB5AB5
/TXT_Materials/TXT_Tiles,Concrete tiles 9,60EEDE43-2AE2-4F20-BC13-1F94363DB1EB
/TXT_Materials/TXT_Tiles,Metallic tiles 1,65311662-98EB-4DC7-8C7E-A8C47F0BCC4F
/TXT_Materials/TXT_Tiles,Metallic tiles 2,D0C6E763-8009-4CA0-8A1D-9671D3037074
/TXT_Materials/TXT_Tiles,Mosaic tiles 1,9DCEE09E-5774-40CB-AA38-090C735B477E
/TXT_Materials/TXT_Tiles,Mosaic tiles 2,7F7897DE-14C2-49DB-99FE-7A7A146CA9C0
/TXT_Materials/TXT_Tiles,Sandstone tiles 1,46342E2E-5713-4EDD-A31E-A6B9254B815D
/TXT_Materials/TXT_Tiles,Sandstone tiles 2,3B234DAF-275D-4068-B34F-9A04410D42A2
/TXT_Materials/TXT_Tiles,Stoneware tiles 1,D9647EC1-85CC-4503-A6A3-7ECDED750C9F
/TXT_Materials/TXT_Tiles,Stoneware tiles 2,DC179A3D-B7C8-484E-BCE9-E3EF90625B9D
/TXT_Materials/TXT_Tiles,Stoneware tiles 3,9A91F9CA-F448-4F22-8DAE-CE661FE215A5
/TXT_Materials/TXT_Tiles,Stoneware tiles 4,52A33207-86D0-4CE2-ABF4-780F06414760
/TXT_Materials/TXT_Tiles,Stoneware tiles 5,65A81A14-01D0-4E3F-8D7D-73C4064BC091
/TXT_Materials/TXT_Tiles,Stoneware tiles 6,D7EB5B1E-98AD-4FA8-9A4E-6BCCC59E235F
/TXT_Materials/TXT_Tiles,Ceramic base,3ECB0143-568A-4715-81E7-352BB8B83EED
/TXT_Materials/TXT_MarbleAndGranite,Beige marble 01 A,48ACAA30-9DEE-4496-8274-5D73EB43CC38
/TXT_Materials/TXT_MarbleAndGranite,Beige marble 01 B,C6A12011-CD8F-4168-868C-A11524AF4D69
/TXT_Materials/TXT_MarbleAndGranite,Beige marble 01 C,1E774ECF-CC9D-4D2E-AFE3-EE95E6B4FBC7
/TXT_Materials/TXT_MarbleAndGranite,Beige marble 01 D,1D39D38C-E7EA-41CA-880E-1D91659C7AB3
/TXT_Materials/TXT_MarbleAndGranite,Beige marble 01 E,F4CE1313-9D81-4666-9874-24BD33F6FBC2
/TXT_Materials/TXT_MarbleAndGranite,Beige marble 02 A,E43B92FD-B482-46D1-9898-F34EC8094381
/TXT_Materials/TXT_MarbleAndGranite,Beige marble 02 B,FBFEA101-450C-4FEE-81CB-C0EB88F04408
/TXT_Materials/TXT_MarbleAndGranite,Beige marble 02 C,FCF659F9-B5CD-4A0C-9896-5E90C44C66C4
/TXT_Materials/TXT_MarbleAndGranite,Beige marble 02 D,7D9D5E7C-05AF-4660-97B0-143340878942
/TXT_Materials/TXT_MarbleAndGranite,Beige marble 02 E,0F912A01-3C94-4AD4-840A-75C47A189D19
/TXT_Materials/TXT_MarbleAndGranite,Beige marble 03 A,13B658C7-042C-499E-AC1F-F5B4C10CADED
/TXT_Materials/TXT_MarbleAndGranite,Beige marble 03 B,99AE57D1-D7E5-42A3-B6C9-771F0EFBACA9
/TXT_Materials/TXT_MarbleAndGranite,Beige marble 03 C,C3C5F772-12E3-4962-819D-DAD987C5ADCC
/TXT_Materials/TXT_MarbleAndGranite,Beige marble 03 D,04D4CE7B-E3FC-4ADA-A821-044BA1836962
/TXT_Materials/TXT_MarbleAndGranite,Beige marble 03 E,B0A433D6-7DCC-4C4F-94C4-F987A9BF886D
/TXT_Materials/TXT_MarbleAndGranite,Blue Marble 01 A,86256C92-80CA-4BE6-AE8B-9E6088287BED
/TXT_Materials/TXT_MarbleAndGranite,Blue Marble 01 B,3F0D7D9A-88C0-40D0-8448-6C3F2273FD36
/TXT_Materials/TXT_MarbleAndGranite,Blue Marble 01 C,E799481B-2379-4C0B-B16D-84E2D0422C93
/TXT_Materials/TXT_MarbleAndGranite,Blue Marble 01 D,B6AD0C84-5EFD-42E4-9E1E-341C54F5E121
/TXT_Materials/TXT_MarbleAndGranite,Blue Marble 01 E,4AB1A3C3-1F3C-427B-A023-2EA1E12C2C9C
/TXT_Materials/TXT_MarbleAndGranite,Green Marble 01 A,EDE3B69E-C8AD-4763-8A51-7290F0993D7F
/TXT_Materials/TXT_MarbleAndGranite,Green Marble 01 B,BFCF337F-CE0A-40B0-8F16-794C45A56FBF
/TXT_Materials/TXT_MarbleAndGranite,Green Marble 01 C,CCE59716-0557-437D-A6BD-FEB077016FA2
/TXT_Materials/TXT_MarbleAndGranite,Green Marble 01 D,1EF65C54-160C-4592-A0D5-C989FB2F55B5
/TXT_Materials/TXT_MarbleAndGranite,Green Marble 01 E,D556E028-7AE3-493C-93C6-E50B47BA2256
/TXT_Materials/TXT_MarbleAndGranite,Green Marble 02 A,B0F987CA-B811-4F36-B6AD-F6383407DFE4
/TXT_Materials/TXT_MarbleAndGranite,Green Marble 02 B,A8334721-0D55-4125-B1E6-73762635B505
/TXT_Materials/TXT_MarbleAndGranite,Green Marble 02 C,445B5A81-2443-4D54-99A5-CA5298E65DD7
/TXT_Materials/TXT_MarbleAndGranite,Green Marble 02 D,98EA6994-0981-4CA4-8B37-1D79D253B800
/TXT_Materials/TXT_MarbleAndGranite,Green Marble 02 E,BE296D47-4F49-4F87-AF7E-56FA671B6534
/TXT_Materials/TXT_MarbleAndGranite,Green Marble 03 A,DA82DC89-EBE2-4AA1-84D9-FC2E3D8EB007
/TXT_Materials/TXT_MarbleAndGranite,Green Marble 03 B,55FC4A81-A2E3-4E11-86A6-94F7434A40E0
/TXT_Materials/TXT_MarbleAndGranite,Green Marble 03 C,85364EEB-FAC3-469E-A489-DF5D63EA2533
/TXT_Materials/TXT_MarbleAndGranite,Green Marble 03 D,82DF1F65-289E-41F6-ACEE-4DB7781594F0
/TXT_Materials/TXT_MarbleAndGranite,Green Marble 03 E,6085D649-13DD-491C-9D46-16ED93A3C665
/TXT_Materials/TXT_MarbleAndGranite,Noisy Marble 01 A,715D6D67-8FFE-4E2A-A026-9EF4E45C9773
/TXT_Materials/TXT_MarbleAndGranite,Noisy Marble 01 B,62DA0308-4F3D-4934-BE17-906B36D0C022
/TXT_Materials/TXT_MarbleAndGranite,Noisy Marble 01 C,01A9E9DB-CCCA-44DE-9B1F-EEAF8F4504D7
/TXT_Materials/TXT_MarbleAndGranite,Noisy Marble 01 D,5C8BD444-0753-4AA2-9039-644113450B44
/TXT_Materials/TXT_MarbleAndGranite,Noisy Marble 01 E,096BA4AF-F96B-4C0E-B611-558353BD74E2
/TXT_Materials/TXT_MarbleAndGranite,Noisy Marble 02 A,65ECED50-381A-4D39-AEF1-B43F49BE39A2
/TXT_Materials/TXT_MarbleAndGranite,Noisy Marble 02 B,13CF28F0-F007-4783-922F-682BBA99CC77
/TXT_Materials/TXT_MarbleAndGranite,Noisy Marble 02 C,29D17F4F-BF63-4176-9E6B-34F4EF35AED6
/TXT_Materials/TXT_MarbleAndGranite,Noisy Marble 02 D,E15605DB-317F-4412-8F3B-4291080EEBCA
/TXT_Materials/TXT_MarbleAndGranite,Noisy Marble 02 E,44911E9C-7B36-42B3-9081-92AF3626C098
/TXT_Materials/TXT_MarbleAndGranite,Noisy Marble 03 A,E4A76C1D-2CD5-47A3-A76A-52E4F5386959
/TXT_Materials/TXT_MarbleAndGranite,Noisy Marble 03 B,72708081-D78E-489B-9C23-B5C30AE6B543
/TXT_Materials/TXT_MarbleAndGranite,Noisy Marble 03 C,6155025A-9A77-494C-BB03-E8CA26BAC105
/TXT_Materials/TXT_MarbleAndGranite,Noisy Marble 03 D,6B40FFFA-ED89-44D7-9F7B-1F8F21CB9564
/TXT_Materials/TXT_MarbleAndGranite,Noisy Marble 03 E,99966DD2-E493-4BB0-8098-970BD01DD646
/TXT_Materials/TXT_MarbleAndGranite,Noisy Marble 04 A,682408EE-3B9D-47A9-A8DE-480D79BA62E9
/TXT_Materials/TXT_MarbleAndGranite,Noisy Marble 04 B,13B3CBFC-8006-40B5-9F79-7B59DC7CFD7F
/TXT_Materials/TXT_MarbleAndGranite,Noisy Marble 04 C,DDE3C017-7DDD-43A0-BD45-A605665A97C5
/TXT_Materials/TXT_MarbleAndGranite,Noisy Marble 04 D,338E3F8D-4D0F-4696-BD2A-06E8BD017D12
/TXT_Materials/TXT_MarbleAndGranite,Noisy Marble 04 E,BFFBD7EB-C7C6-483C-BD2F-5D4126C608CC
/TXT_Materials/TXT_MarbleAndGranite,Noisy Marble 05 A,80BD2342-D6A4-41F5-A69A-197CCE60E71A
/TXT_Materials/TXT_MarbleAndGranite,Noisy Marble 05 B,340BE11A-BB60-47D2-8BD5-4F3767B633B6
/TXT_Materials/TXT_MarbleAndGranite,Noisy Marble 05 C,9316E4C2-B719-40EA-B77A-4695C7F9BCE1
/TXT_Materials/TXT_MarbleAndGranite,Noisy Marble 05 D,5E0A03CB-5656-4E5B-B234-8B2C91FD4162
/TXT_Materials/TXT_MarbleAndGranite,Noisy Marble 05 E,08F9BDE2-199B-4742-BF09-A27A6A8196B6
/TXT_Materials/TXT_MarbleAndGranite,Noisy Marble 06 A,D90A7B6E-0DE9-4B64-8FD1-035197A3FE56
/TXT_Materials/TXT_MarbleAndGranite,Noisy Marble 06 B,E30BC551-6A59-4FFD-9F4C-AA0D2F697067
/TXT_Materials/TXT_MarbleAndGranite,Noisy Marble 06 C,160A524E-FC3C-46DA-A049-88833BCA75C3
/TXT_Materials/TXT_MarbleAndGranite,Noisy Marble 06 D,A8213590-1A1F-4BA9-AA2E-6EB10FA80F20
/TXT_Materials/TXT_MarbleAndGranite,Noisy Marble 06 E,4F92AA5E-1197-4D52-B9AC-D065C5EAD4F9
/TXT_Materials/TXT_MarbleAndGranite,Noisy Marble 07 A,5AB012E2-5845-42B3-9397-FEDA708796C6
/TXT_Materials/TXT_MarbleAndGranite,Noisy Marble 07 B,3A167C8B-7236-4EAD-A1C2-7823CC799A6D
/TXT_Materials/TXT_MarbleAndGranite,Noisy Marble 07 C,C3436683-38B7-49AD-8CDD-90102267D05D
/TXT_Materials/TXT_MarbleAndGranite,Noisy Marble 07 D,0D40D1A1-93E3-45B5-A7BC-E4FF7FF86B9A
/TXT_Materials/TXT_MarbleAndGranite,Noisy Marble 07 E,E3159662-E5AF-4B19-A71D-118449425D62
/TXT_Materials/TXT_MarbleAndGranite,Noisy Marble 08 A,075FFC70-1624-4D61-BA1E-FF23242CE4D1
/TXT_Materials/TXT_MarbleAndGranite,Noisy Marble 08 B,7B969223-7ED6-45A9-A634-CF6742F03129
/TXT_Materials/TXT_MarbleAndGranite,Noisy Marble 08 C,38804238-5599-4E25-8923-1C57044AE320
/TXT_Materials/TXT_MarbleAndGranite,Noisy Marble 08 D,0E4C0C78-BE60-4591-A628-8DCCB3000A4C
/TXT_Materials/TXT_MarbleAndGranite,Noisy Marble 08 E,C2BFCBBF-2012-446D-9AAF-834D05417E6E
/TXT_Materials/TXT_MarbleAndGranite,Noisy Marble 09 A,48294C4D-ECEC-401C-AB1F-80D978F8CB68
/TXT_Materials/TXT_MarbleAndGranite,Noisy Marble 09 B,410532C8-7578-4234-B8E6-007D23979505
/TXT_Materials/TXT_MarbleAndGranite,Noisy Marble 09 C,EB1C3BFA-7F70-4983-8717-9C66F5AF9007
/TXT_Materials/TXT_MarbleAndGranite,Noisy Marble 09 D,1FFB9292-BECB-474C-B2F6-43E3FEAE121F
/TXT_Materials/TXT_MarbleAndGranite,Noisy Marble 09 E,9495B5B2-C334-416D-BDBC-BAA4DAF17403
/TXT_Materials/TXT_MarbleAndGranite,Noisy Marble 10 A,E450E5EA-16CE-446E-9EBE-2B1BA5DEE5D4
/TXT_Materials/TXT_MarbleAndGranite,Noisy Marble 10 B,59FFBB7F-4C36-473D-A030-AD451C18DC64
/TXT_Materials/TXT_MarbleAndGranite,Noisy Marble 10 C,0D4B744C-2E18-4FFD-93A3-A6DF71CCDB01
/TXT_Materials/TXT_MarbleAndGranite,Noisy Marble 10 D,0C9B31BB-6B23-4E37-9FDC-E9B03EFA8F60
/TXT_Materials/TXT_MarbleAndGranite,Noisy Marble 10 E,891A6A5A-C901-4CB5-BA50-5B27C21EE50D
/TXT_Materials/TXT_MarbleAndGranite,Pink Marble 01 A,80645B74-1ED3-4904-BD73-64DEB8C35635
/TXT_Materials/TXT_MarbleAndGranite,Pink Marble 01 B,EE8A8818-10DF-4B28-B688-94AAEB002D7A
/TXT_Materials/TXT_MarbleAndGranite,Pink Marble 01 C,6A7A7F97-12EC-426C-85AD-2A7DC5E58BFF
/TXT_Materials/TXT_MarbleAndGranite,Pink Marble 01 D,20FDC26B-3893-40BC-8E51-A3A25C2EAC43
/TXT_Materials/TXT_MarbleAndGranite,Pink Marble 01 E,8C8D4D1E-BE82-4698-978A-6FD22527703C
/TXT_Materials/TXT_MarbleAndGranite,White Marble 01 A,D4E20DCC-52A8-464B-A36A-C258A907CD01
/TXT_Materials/TXT_MarbleAndGranite,White Marble 01 B,237D0460-6889-45C2-BEB7-0DEEE566D46B
/TXT_Materials/TXT_MarbleAndGranite,White Marble 01 C,CD29E741-DCF7-4645-A95D-135D136FD48B
/TXT_Materials/TXT_MarbleAndGranite,White Marble 01 D,07454BF0-2066-45EE-ADC1-2814E496AEA5
/TXT_Materials/TXT_MarbleAndGranite,White Marble 01 E,57C69DE8-3B72-4FEE-87F1-3C1C19658CFD
/TXT_Materials/TXT_MarbleAndGranite,White Marble 02 A,B23D87D9-A814-4738-84A5-DB02A886590A
/TXT_Materials/TXT_MarbleAndGranite,White Marble 02 B,665D59AC-09E5-4F80-92E6-8D8051315D92
/TXT_Materials/TXT_MarbleAndGranite,White Marble 02 C,4D3125F3-25D1-453E-B18F-EF6DC56597D7
/TXT_Materials/TXT_MarbleAndGranite,White Marble 02 D,25B55970-9A39-4510-9566-CBF8E99F948E
/TXT_Materials/TXT_MarbleAndGranite,White Marble 02 E,7628694A-CE38-4E40-B5C5-4520864DF84E
/TXT_Materials/TXT_MarbleAndGranite,White Marble 03 A,B4FCC7D9-D766-4454-B226-3535A0252D14
/TXT_Materials/TXT_MarbleAndGranite,White Marble 03 B,64402547-F749-4713-BDC8-9A5FD070F7BB
/TXT_Materials/TXT_MarbleAndGranite,White Marble 03 C,343DDE25-11C3-4ABE-B7A0-A358FB4ED321
/TXT_Materials/TXT_MarbleAndGranite,White Marble 03 D,F033DFF2-5B3A-4EBC-8938-2C88ED8C0D89
/TXT_Materials/TXT_MarbleAndGranite,White Marble 03 E,90809383-CFE7-4132-B1AC-142F7B4165F3
/TXT_Materials/TXT_MarbleAndGranite,Marble 01 A,65D2C219-5062-4FAB-99B1-2BA8CC1D946B
/TXT_Materials/TXT_MarbleAndGranite,Marble 01 B,259609CB-AB1F-4754-A8AE-7E2C5AE0328E
/TXT_Materials/TXT_MarbleAndGranite,Marble 01 C,90CD8246-BA71-4A89-8EF6-B0076EC04368
/TXT_Materials/TXT_MarbleAndGranite,Marble 01 D,81191088-82C8-45C3-AC23-9C537F346224
/TXT_Materials/TXT_MarbleAndGranite,Marble 01 E,5FBBE7C0-953D-48FA-BD8C-1B65877D143B
/TXT_Materials/TXT_Grids,XTend mesh,B16FB0C9-F6D6-4A4A-B629-0FF81557F62D
/TXT_Materials/TXT_Grids,Walkway,9DBAAE7A-CC3E-4486-8819-766DAA1C0195
/TXT_Materials/TXT_Grids,Panel 01,EC700EE2-DC70-4647-ABCA-8B0E62020A56
/TXT_Materials/TXT_Grids,Street vents,7FDBB359-6690-4BF4-8529-F34C85316E19
/TXT_Materials/TXT_Grids,Grid 01,3F132711-31DD-4DF0-9F6C-7660DD69F9FD
/TXT_Materials/TXT_Grids,Grid 02,3D6DFEE9-CCF0-46E3-8A67-B12D4C74E872
/TXT_Materials/TXT_Grids,Grid 03,08EFDFF1-094B-4138-8A45-B88121BCF551
/TXT_Materials/TXT_Grids,Grid 04,F9FF99AF-5EC1-4FFB-B4C4-C495E4BE717C
/TXT_Materials/TXT_Grids,Grid 05,E9A2BFC6-7CFA-4F47-9A7A-F4DC091810F6
/TXT_Materials/TXT_Grids,Grid 06,6E98F937-6D10-4D11-8420-CE6FEC599650
/TXT_Materials/TXT_Ceilings,NW 60x60,69576222-9AE5-43D8-97AD-F09475DDB362
/TXT_Materials/TXT_Ceilings,NW 60x60 SR,FEA915E6-CB77-49AC-AF48-75BA0301377A
/TXT_Materials/TXT_Ceilings,NW 60x120,7F6A9542-7A9E-42A6-AA9B-0444B2021BC5
/TXT_Materials/TXT_Ceilings,NW 60x120 SR,49B6458E-1B86-4779-B401-39034C6B2D1C
/TXT_Materials/TXT_Ceilings,NW 60x240,27A743E0-586C-4ED6-BDB7-A86E508F55C4
/TXT_Materials/TXT_Ceilings,NW 60x240 SR,C98B1B2D-75C4-4FB1-9EE1-2DB315A2D7B6
/TXT_Materials/TXT_Ceilings,MF 60x60,B1EDA2E7-9ACE-4B37-850E-AF463F696306
/TXT_Materials/TXT_Ceilings,MF 60x60 SR,2B0F45DF-ACEE-4F5A-9B06-126BB8BBF6BF
/TXT_Materials/TXT_Ceilings,MF 60x120,E13EE56D-4116-4ED0-A115-A13B2CDDD82B
/TXT_Materials/TXT_Ceilings,MF 60x120 SR,6C9D7524-041D-4E48-BF8E-DD41B554BED4
/TXT_Materials/TXT_Ceilings,MF 60x240,2DFE099B-BB3B-4A26-9FCC-CFBF24AAA62B
/TXT_Materials/TXT_Ceilings,MF 60x240 SR,453F781E-B5BA-4B51-9F67-BE6F749D0AC5
/TXT_Materials/TXT_Ceilings,A 60x60,7C13467B-A640-456B-9C6C-A5824C520007
/TXT_Materials/TXT_Ceilings,A 60x60 SR,0B01C7D5-756C-40A2-BAD3-30D826E4630C
/TXT_Materials/TXT_Ceilings,A 60x120,D85A96D8-DDD3-45B9-A91A-16211E6C0952
/TXT_Materials/TXT_Ceilings,A 60x120 SR,27CAF67C-CBF9-4FE0-99DE-406BA9DB1CC9
/TXT_Materials/TXT_Ceilings,A 60x240,0A670E3E-2B9F-443F-B529-425ACEA603DF
/TXT_Materials/TXT_Ceilings,A 60x240 SR,B0BF3702-1245-4BEC-9735-193D45CD3403
/TXT_Materials/TXT_Ceilings,AW 60x60,28FBE9DA-1B0B-423C-802C-5AF88DA54974
/TXT_Materials/TXT_Ceilings,AW 60x60 SR,1F30B8D9-6B02-4E88-BA4B-3C8EC5D52903
/TXT_Materials/TXT_Ceilings,AW 60x120,2D6105F1-47B8-43AF-8C4C-8DE6DF0BCF94
/TXT_Materials/TXT_Ceilings,AW 60x120 SR,2F069A13-9AB5-4131-A659-A963AF60ACB8
/TXT_Materials/TXT_Ceilings,AW 60x240,8FCF0CF0-F282-4AF4-883A-7F3C0A7BF724
/TXT_Materials/TXT_Ceilings,AW 60x240 SR,4BB3DB7C-9E87-4FFC-B6E7-A189F43449BF
/TXT_Materials/TXT_RoofCoverings,Roof covering 01,048848CF-D78B-41B7-A7D6-6A3D506D4639
/TXT_Materials/TXT_RoofCoverings,Roof covering 02,4A738993-EC7B-4E1C-B7E6-D566E617C30B
/TXT_Materials/TXT_RoofCoverings,Roof covering 03,30E1C9F9-E1C3-4F79-8068-91A8FDC832C9
/TXT_Materials/TXT_RoofCoverings,Roof covering 04,95C10716-F96F-44B4-8BFC-DAFA888DAA48
/TXT_Materials/TXT_RoofCoverings,Roof covering 05,F0800415-D51A-4DA7-BD1F-FF630560A115
/TXT_Materials/TXT_RoofCoverings,Roof covering 06,4E2EFA58-40D6-4EEE-8AA0-F0A9057D5BD3
/TXT_Materials/TXT_RoofCoverings,Roof covering 07,2F6A8849-54F0-4D06-8C05-0C9FD8872C58
/TXT_Materials/TXT_RoofCoverings,Roof covering 08,6BFE8930-C5C1-468F-BFED-CE39C9874301
/TXT_Materials/TXT_RoofCoverings,Roof covering 09,4C15DD4D-95AD-4690-82C0-E3A632C7EFFB
/TXT_Materials/TXT_RoofCoverings,Roof covering 10,4FE19BE4-441C-45D6-9CF1-FDE64B8CC8CE
/TXT_Materials/TXT_RoofCoverings,Roof covering 11,61AC9F32-DFD4-4728-8DC2-7D4FCCDFBAEB
/TXT_Materials/TXT_RoofCoverings,Roof covering 12,0C8EE55D-8956-44C5-AE79-C89294D421E4
/TXT_Materials/TXT_RoofCoverings,Roof covering 13,970EFF71-95B3-483F-83AB-9D597305CFFB
/TXT_Materials/TXT_RoofCoverings,Roof covering 14,F798A533-361E-4F34-8F22-DF9BC116605F
/TXT_Materials/TXT_RoofCoverings,Roof covering 15,888DF95A-5C53-428D-942A-4FBE1C93C65C
/TXT_Materials/TXT_RoofCoverings,Roof covering 16,B09A5B1E-A786-42F0-BF7D-D205AD80592E
/TXT_Materials/TXT_RoofCoverings,Roof covering 17,F625B5C2-AD55-4ED5-A86D-3A33094D12B4
/TXT_Materials/TXT_RoofCoverings,Roof covering 18,B2D8D7C6-BAC6-490D-A376-4571EC0BF47E
/TXT_Materials/TXT_RoofCoverings,Roof covering 19,D569E562-0845-48D2-BACD-DFD38217F585
/TXT_Materials/TXT_RoofCoverings,Roof covering 20,BC6D78AB-D084-489D-A152-820F8B4249D3
/TXT_Materials/TXT_RoofCoverings,Roof covering 21,54FC20CE-858F-48F8-900F-4A7F74E17274
/TXT_Materials/TXT_RoofCoverings,Roof covering 22,0ECD9FB2-4857-4FFF-B3BF-DCBCC0248B67
/TXT_Materials/TXT_RoofCoverings,Roof covering 23,CFA215E9-8479-46C3-A06B-801A10660FA4
/TXT_Materials/TXT_RoofCoverings,Roof covering 24,EAA1C9B1-7AAD-4F07-B605-567B389FC33D
/TXT_Materials/TXT_RoofCoverings,Roof covering 25,89A562F3-8809-453D-B5B0-49E9E61D7AD5
/TXT_Materials/TXT_RoofCoverings,Roof covering 26,F3835F3E-C2D1-40B6-9D05-46238871C82D
/TXT_Materials/TXT_RoofCoverings,Roof covering 27,564645A3-3870-4343-985B-61C918AF6462
/TXT_Materials/TXT_WallCoverings,Plaster coating 01,7541B94D-63E1-4ECE-BAD8-0FA51AAC1241
/TXT_Materials/TXT_WallCoverings,Plaster coating 02,C26188AB-FB50-4DAD-ADDD-DCD43EA5835A
/TXT_Materials/TXT_WallCoverings,Plaster coating 03,D11604AD-517B-4440-861A-53D76023492E
/TXT_Materials/TXT_WallCoverings,Plaster coating 04,A9C4CD0D-194F-4A75-A4C2-99A484D6B062
/TXT_Materials/TXT_WallCoverings,Plaster coating 05,91D627A9-06D2-40A3-8EB0-50A23A7493DB
/TXT_Materials/TXT_WallCoverings,Roughcast coating 01,A0A4FEE0-B6AE-4AD1-8BBF-9E5235DD4AA9
/TXT_Materials/TXT_WallCoverings,Roughcast coating 02,2CB0EA6C-9C1A-4D28-BB03-CE075C145A38
/TXT_Materials/TXT_WallCoverings,Roughcast coating 03,8810F362-CB6B-4E9E-B279-BE6BE0C5854D
/TXT_Materials/TXT_WallCoverings,Roughcast coating 04,103AF8E1-FEF1-4D2E-989A-EDE915272529
/TXT_Materials/TXT_WallCoverings,Roughcast coating 05,569F0F5B-04D8-4919-A4A5-8E93389C8B3D
/TXT_Materials/TXT_WallCoverings,Rough paper 01,5605F447-95B1-487B-86FB-D22E090992D5
/TXT_Materials/TXT_WallCoverings,Plasterboards 01,F9C02174-3A10-4284-A027-B7AB7768A5C0
/TXT_Materials/TXT_WallCoverings,Plaster tiles 01,227DE1FF-EDC4-4E38-9712-2627639CD53F
/TXT_Materials/TXT_WallCoverings,Matte painted wall,73D31C76-68F8-4C4B-AF83-F8EA95EBFC95
/TXT_Materials/TXT_WallCoverings,Satin painted wall,EFD7DD68-8055-4DE0-8DC6-2820FCBB0639
/TXT_Materials/TXT_WallCoverings,Shiny painted wall,4D4CA7E0-23BB-4CC0-9081-22A62F6B3472
/TXT_Materials/TXT_WallCoverings,Cork panel 01,A7D2977F-F76E-4894-ACC7-57525D7FEBDE
/TXT_Materials/TXT_Plastic,3D wall 01,0D4FAE7E-3071-4A61-BBEC-4D554BA2297E
/TXT_Materials/TXT_Plastic,3D wall 02,209C6713-CC11-4361-BB68-491A86511E05
/TXT_Materials/TXT_Plastic,3D wall 03,0178820D-B62A-4CA3-9358-D59E9C3742E1
/TXT_Materials/TXT_Plastic,3D wall 04,2A7CF61A-7C3A-4E12-8E26-56D1D7DBB28C
/TXT_Materials/TXT_Plastic,3D wall 05,AA5C3EBF-3FA5-4B55-92AD-54DC8C6966FE
/TXT_Materials/TXT_Plastic,Checker linoleum,6E37CE4C-BD3B-44FB-A569-98DD1873558B
/TXT_Materials/TXT_Plastic,Classic linoleum,0ED9964A-99F2-4F5D-93E1-8EB46032C7CA
/TXT_Materials/TXT_Plastic,Translucid,40358BE1-B2BF-476B-BFB8-7A87F2441981
/TXT_Materials/TXT_Plastic,Fiberglass,4748CD39-45B1-4D3C-9FBE-62B395D7B34F
/TXT_Materials/TXT_Plastic,Glossy plastic,E2831C12-EDB5-42A1-AF7F-571FC325288E
/TXT_Materials/TXT_Plastic,Honeycomb design,E4E9E53E-543B-4C72-BCF4-18BB084BD02B
/TXT_Materials/TXT_Plastic,Non slip flooring 01,2211FF37-CE50-4C0A-B782-5F69096EEE6F
/TXT_Materials/TXT_Plastic,Non slip flooring 02,7EB2AD89-DDAD-4FCC-AD85-AF74D270DF97
/TXT_Materials/TXT_Plastic,Plastic siding 01,D23CEF86-090B-4DBE-A306-4898876C40CD
/TXT_Materials/TXT_Plastic,Plastic siding 02,19CF0F56-5F12-4687-9BF6-567AB223F88D
/TXT_Materials/TXT_Plastic,Rough plastic,8956F5ED-C0AA-4BC3-9B4E-2F70510FB76D
/TXT_Materials/TXT_Plastic,Rubber,78FC9E67-AAD0-4C03-9961-636F06658FBD
/TXT_Materials/TXT_Plastic,Styrofoam,45673567-AFEF-4EFC-A426-DE3D006096B1
/TXT_Materials/TXT_Plastic,Bubble Wrap,6620F702-875A-4CA1-B82F-43D453E0A35D
/TXT_Materials/TXT_Plastic,Nylon Braided 03,6F2F0D9D-3F20-3C7B-4EEE-565D492494E2
/TXT_Materials/TXT_Ground/TXT_Nature,Grass 1,FCDEB81B-640C-409F-9305-6EB52D2D7522
/TXT_Materials/TXT_Ground/TXT_Nature,Grass 2,9ED31790-8DD2-4D98-91CA-4AAA02054B27
/TXT_Materials/TXT_Ground/TXT_Nature,Grass 3,05A52F06-88F6-4487-A93F-ED0FFEE1BABA
/TXT_Materials/TXT_Ground/TXT_Nature,Grass 4,5D984DBF-DDD7-4D54-A83C-A564DDE45A27
/TXT_Materials/TXT_Ground/TXT_Nature,Grass 5,D4D672ED-D2F3-4DA0-A59F-ECFF37125216
/TXT_Materials/TXT_Ground/TXT_Nature,Grassy ground,BC58880A-DB68-4C9D-8F42-705474D3E065
/TXT_Materials/TXT_Ground/TXT_Nature,Forest ground 1,62184B45-5486-4692-999F-57CB4606B94E
/TXT_Materials/TXT_Ground/TXT_Nature,Forest ground 2,5F0F94EA-ECFB-444C-873D-8341780CB466
/TXT_Materials/TXT_Ground/TXT_Nature,Forest ground 3,FF8523B1-2751-47EB-A29F-0C93DD528183
/TXT_Materials/TXT_Ground/TXT_Nature,Dirt,CDBCC9BF-69B0-4CB1-8AD2-95DE3BA6939F
/TXT_Materials/TXT_Ground/TXT_Nature,Gravel,F5543615-2316-43C4-B053-386705AFDAAB
/TXT_Materials/TXT_Ground/TXT_Nature,Cobblestone,2C898AAE-D57B-4D50-A731-5EB9D76E3CF4
/TXT_Materials/TXT_Ground/TXT_Nature,Pebbles,89AC319B-F06D-4DC9-8021-99F7254AA64B
/TXT_Materials/TXT_Ground/TXT_Nature,River pebbles,35A6FE93-9D8A-4622-AEF9-BE5830956040
/TXT_Materials/TXT_Ground/TXT_Nature,Rocky dirt,1074FFF3-606B-4470-B2AF-E7972C44A8FC
/TXT_Materials/TXT_Ground/TXT_Nature,Small rocks,1816B620-F051-45A5-B4D7-DB86BCA0FC5D
/TXT_Materials/TXT_Ground/TXT_Nature,Big rocks,51EEAB6F-7FC4-4F0A-BC66-B06B3B1FA658
/TXT_Materials/TXT_Ground/TXT_Nature,Mossy rocks,5632445D-401F-4509-97C3-CDB1E83017AD
/TXT_Materials/TXT_Ground/TXT_Nature,Desert sand,B922C328-38C3-463B-ADCD-2ADD0FEB48E1
/TXT_Materials/TXT_Ground/TXT_Nature,Wavy sand,F2379EC8-75D8-489E-8504-094AB97CA5AD
/TXT_Materials/TXT_Ground/TXT_Nature,Wet sand,F97EE886-4028-41B4-B336-33316B147DB2
/TXT_Materials/TXT_Ground/TXT_Nature,Sand with sea shell,3637CEFA-54F5-40D6-8065-72DC0EEDA7BF
/TXT_Materials/TXT_Ground/TXT_Nature,Cracked ground,444EA035-D1A0-4C20-8D9B-4B291AAF7AB4
/TXT_Materials/TXT_Ground/TXT_Nature,Cracked wet ground,D2C7E86C-7508-4925-A2CF-11D5994E2337
/TXT_Materials/TXT_Ground/TXT_Nature,Wet mud,51CEB24F-AC62-4F39-A0FE-BF790D25EF86
/TXT_Materials/TXT_Ground/TXT_Nature,Wet mud 02,859C930F-50BB-4885-90DC-4C34A2855368
/TXT_Materials/TXT_Ground/TXT_Nature,Flower bed,A5FA8FE6-E376-4F88-ABC1-7264F39B958B
/TXT_Materials/TXT_Ground/TXT_Nature,Ground plant 1,ED5CECFE-69F8-4193-849E-8E9C1D7DACD4
/TXT_Materials/TXT_Ground/TXT_Nature,Ground plant 2,E0460238-8563-4896-BE8F-29C67101DAEF
/TXT_Materials/TXT_Ground/TXT_Nature,Ice,A16439B6-6C3A-46A5-915A-9623C6258C6F
/TXT_Materials/TXT_Ground/TXT_Nature,Snow,9AD5A3C0-069C-4353-B1E4-726EEC525591
/TXT_Materials/TXT_Ground/TXT_Nature,Woodchips 1,8DAD6C11-2F69-4E58-A87A-7E6DA79BF654
/TXT_Materials/TXT_Ground/TXT_Nature,Woodchips 2,D3DEAE2D-8216-4C54-AE53-E635496A518B
/TXT_Materials/TXT_Ground/TXT_Manmade,Asphalt 1,71526FA3-4228-4309-8693-32747F3EF3A2
/TXT_Materials/TXT_Ground/TXT_Manmade,Asphalt 2,4E311ADB-CCF4-401F-8A0E-EB80CC28ABA8
/TXT_Materials/TXT_Ground/TXT_Manmade,Asphalt 3,9624F898-B866-4B3F-B1DA-A965FA1193A2
/TXT_Materials/TXT_Ground/TXT_Manmade,Asphalt 4,E52DBDD3-E357-4AE5-B021-404558C608BF
/TXT_Materials/TXT_Ground/TXT_Manmade,Asphalt 5,14328ED6-DF07-40CC-9700-17802102A470
/TXT_Materials/TXT_Ground/TXT_Manmade,Asphalt 6,E7E7BB81-CCEB-422E-87B3-37561894CE14
/TXT_Materials/TXT_Ground/TXT_Manmade,Asphalt 7,BECBB8E1-DD1D-4ABB-9650-DFEE43ADBC48
/TXT_Materials/TXT_Ground/TXT_Manmade,Concrete road 1,976A60D1-C2C1-402F-A2A1-78B584D940A1
/TXT_Materials/TXT_Ground/TXT_Manmade,Concrete road 2,CCCE9C5F-D7F3-4FAE-9162-A35BDD525A1F
/TXT_Materials/TXT_Ground/TXT_Manmade,Concrete road 3,B50B5FF6-BE3C-4155-9873-EE93A7CE43DA
/TXT_Materials/TXT_Ground/TXT_Manmade,Concrete road 4,5C54A452-4086-46F2-819C-CEDBBCA9587B
/TXT_Materials/TXT_Ground/TXT_Manmade,Concrete road 5,CBD25F55-4F76-4F3B-9566-5C8824BE85A9
/TXT_Materials/TXT_Ground/TXT_Manmade,Asphalt road 1,DFBA0215-47AF-4E11-8484-323E8F86C1F5
/TXT_Materials/TXT_Ground/TXT_Manmade,Asphalt road 2,AC1910D9-CDC7-43BD-A2F5-F338D68805B0
/TXT_Materials/TXT_Ground/TXT_Manmade,Smooth cobblestone,F6CDAC6B-3894-430A-BDC3-64F7DCE4B6A4
/TXT_Materials/TXT_Ground/TXT_Manmade,Old cobblestone,80299CD1-8286-4D35-8599-52D1B8A4A929
/TXT_Materials/TXT_Ground/TXT_Manmade,Round cobblestone,AE4A8704-CAC1-47A4-BB7E-FE2C43E35E8C
/TXT_Materials/TXT_Ground/TXT_Manmade,Slate cobblestone,26E84472-9444-403C-9B27-9ADC666A93D3
/TXT_Materials/TXT_Ground/TXT_Manmade,Wave cobblestone,EA9C6ECD-1CCC-4CEC-8019-42FE832812B4
/TXT_Materials/TXT_Ground/TXT_Manmade,Bricks cobblestone,4EE56DA8-BD2B-4D78-AC3B-587738EC2A62
/TXT_Materials/TXT_Ground/TXT_Manmade,Colored cobblestone,B34C085D-9D31-497F-9AAD-B5C840B7C912
/TXT_Materials/TXT_Ground/TXT_Manmade,Double cobblestone,0DE022FC-7E57-434C-B6C2-B1E0D9F92022
/TXT_Materials/TXT_Ground/TXT_Manmade,Grassy cobblestone,F9996090-D8E8-42D5-AFAF-A6A41207E4B3
/TXT_Materials/TXT_Ground/TXT_Manmade,H cobblestone,51C01E9B-F843-4122-B7EB-1730C77EF2C9
/TXT_Materials/TXT_Ground/TXT_Manmade,Herringbone cobblestone,43870A71-56DC-4D0A-B5D1-CB72CD6EC695
/TXT_Materials/TXT_Ground/TXT_Manmade,Herringbone cobblestone 2,31E7193F-D208-4AF7-B71B-F4C3C823F172
/TXT_Materials/TXT_Ground/TXT_Manmade,Rough cobblestone,02144FAF-40D1-4756-BFA1-40958A77C662
/TXT_Materials/TXT_Ground/TXT_Manmade,Rough cobblestone 2,CE2DF947-852B-41FF-8279-0CA27855616E
/TXT_Materials/TXT_Ground/TXT_Manmade,Square cobblestone,97666620-021C-4C71-BDFF-0CFAADEBAE7B
/TXT_Materials/TXT_Ground/TXT_Manmade,Pavement tiles,6681F64B-FA19-40A9-8F28-474C6B4D9B90
/TXT_Materials/TXT_Ground/TXT_Manmade,Pavement tiles 2,708494AD-6999-43D3-877E-43C0277EC74D
/TXT_Materials/TXT_Ground/TXT_Manmade,Pavement tiles 3,77492398-00B7-4F9E-9B2D-C94477EEFA21
/TXT_Materials/TXT_Ground/TXT_Manmade,W cobblestone,B86B95E4-B8C7-48D6-B304-BFF7EC529206
/TXT_Materials/TXT_Ground/TXT_Manmade,Rubber red flooring,AEFF5DCF-CEB6-4D99-A44D-AE060BB817BD
/TXT_Materials/TXT_Ground/TXT_Manmade,Rubber blue flooring,F681F99E-4B8A-4AB6-BA24-D7A998D9983B
/TXT_Materials/TXT_Ground/TXT_Manmade,Stone flooring,178951AA-B6E6-4B7F-A628-1E13F98F1F76
/TXT_Materials/TXT_Ground/TXT_Manmade,Stone forest flooring,AF7A3CBB-014A-4AF0-8F75-E174C62BEEBE
/TXT_Materials/TXT_Ground/TXT_Manmade,Airport tarmac,DDC7CA3C-2A7B-4ED5-95D2-A2CAD0AC771C
/TXT_Materials/TXT_Brick,Clean brick 01,133E9CC8-4A9B-486D-A73F-6A2A3D29941A
/TXT_Materials/TXT_Brick,Clean brick 02,702F92BF-4674-4307-A521-A6314E327350
/TXT_Materials/TXT_Brick,Clean brick 03,8B59D255-481B-4327-BB65-8552D1E01092
/TXT_Materials/TXT_Brick,Clean brick 04,5BB46FF1-AD90-4371-9AC2-A45B23F80945
/TXT_Materials/TXT_Brick,Clean brick 05,FBD59AA1-FBE2-4B78-8115-D1D3E9EA540D
/TXT_Materials/TXT_Brick,Clean brick 06,CAC6BDBB-3DD7-445E-9831-BD65C1D26CA2
/TXT_Materials/TXT_Brick,Clean brick 07,B7482EF6-DD25-4A5D-8747-E112BC4D0A05
/TXT_Materials/TXT_Brick,Clean brick 08,340E9BC3-FBDC-4B17-AF5A-BAA78DA4D900
/TXT_Materials/TXT_Brick,Dirty brick 01,19D5E16A-6F04-4044-A51B-0F66F5093E9E
/TXT_Materials/TXT_Brick,Dirty brick 02,E925160D-F077-4C5D-B398-3B679160E6AE
/TXT_Materials/TXT_Brick,Painted brick 01,1D0AC07B-8053-4AF2-83E3-5FDA4D2A07B1
/TXT_Materials/TXT_Brick,Rough brick 01,0158F030-E7DA-4937-8ED5-3C1163593E17
/TXT_Materials/TXT_Brick,Rough brick 02,449E058A-8525-46F4-B90B-B1F0B9BA1B1D
/TXT_Materials/TXT_Brick,Rough brick 03,F624FBA4-6CAF-4C01-AD8D-4919704EF253
/TXT_Materials/TXT_Brick,Round brick 01,BCBA481A-A9E8-4476-8584-B57764411E07
/TXT_Materials/TXT_Brick,Round brick 02,9F2C5684-C10A-41F2-AB85-B0457CF42258
/TXT_Materials/TXT_Brick,Slate brick 01,3119A917-BC76-4E83-94B3-8DAAACA55E83
/TXT_Materials/TXT_Brick,Cinderblock 01,4B48D72B-8114-4F4A-A906-370821834F85
/TXT_Materials/TXT_Brick,Cinderblock 02,4179BB1A-480B-4138-8FD3-205F5E322CB4
/TXT_Materials/TXT_Brick,Cinderblock 03,C6552FE6-ED3A-4381-89F0-9882E6FE4516
/TXT_Materials/TXT_Brick,Cinderblock 04,3E0E76E2-46EE-470A-B725-18467DF64D7A
/TXT_Materials/TXT_Brick,Concrete block 01,56DF397A-C753-4845-9606-C4758FCE8711
/TXT_Materials/TXT_Brick,Concrete block 02,C2649F4B-76E8-4A21-8E10-6E52395CA14C
/TXT_Materials/TXT_Stones,Blue stone tiles 01,55B08DCD-0207-4258-AD4D-136C40A8C014
/TXT_Materials/TXT_Stones,Slate stone tiles 01,22C45CA5-BA2C-4097-A547-B4BB6D45703C
/TXT_Materials/TXT_Stones,Slate stone tiles SW 01,4F0EC2EF-62E7-4FAB-8D21-EB9A9D1C4F4D
/TXT_Materials/TXT_Stones,Stacked stone 01,C258DEAB-491E-4251-A5A7-922998A145B8
/TXT_Materials/TXT_Stones,Stacked stone 02,EDB428EE-E636-4F4A-9494-7E4CA94F3A4E
/TXT_Materials/TXT_Stones,Stacked stone 03,F9BB0AEA-FB9A-4D42-BDEC-DBCCC0E96D8B
/TXT_Materials/TXT_Stones,Stacked stone 04,DB65077E-A12F-4A87-BB93-F213E108209F
/TXT_Materials/TXT_Stones,Stacked stone 05,C01D0E49-8A36-462A-AB20-6883F80C1CB7
/TXT_Materials/TXT_Stones,Stacked stone 06,41E88A4C-D9D9-48F6-AE55-1DF05D20C77B
/TXT_Materials/TXT_Stones,Stacked stone 07,E8337097-6C47-4389-83DA-5A99E17C1547
/TXT_Materials/TXT_Stones,Stacked stone 08,452B71F1-6D25-4536-8C08-B403FD22EC4A
/TXT_Materials/TXT_Stones,Stone 01,F6877E70-45F5-4444-AB09-11196822884D
/TXT_Materials/TXT_Stones,Stone 02,FEF8984F-DAF5-4027-A20F-CE06145B73D0
/TXT_Materials/TXT_Stones,Stone 03,F6ACA997-BAF2-4C8F-BA41-40040669C30A
/TXT_Materials/TXT_Stones,Stone 04,4E3EFCA7-5EB3-417F-967B-9E5967363012
/TXT_Materials/TXT_Stones,Stone wall 1,BA264EA8-D7ED-4EDA-9B87-918235F63D40
/TXT_Materials/TXT_Stones,Stone wall 2,5CB66441-56D8-41BE-9EF9-52A0565851CB
/TXT_Materials/TXT_Stones,Stone wall 3,70D20574-72A5-4D0C-B2DE-B7AB35BED60C
/TXT_Materials/TXT_Stones,Slate 01,4B7C51C8-765D-4BC5-8BBC-29FC7B0E69AE
/TXT_Materials/TXT_Stones,Beige limestone,65973FBC-DDE6-437D-ACAE-2D66224D2DC0
/TXT_Materials/TXT_Stones,Brown limestone,FDBC4397-503F-4C75-870C-21A05A89B8B2
/TXT_Materials/TXT_Stones,Pink limestone,F456EEBB-1EE8-42CA-948E-849F68B683BB
/TXT_Materials/TXT_Stones,Granite stone,4FD4FE6D-738D-46CD-B981-7C374BC58E17
/TXT_Materials/TXT_Stones,Green sandstone,DBE3D03E-3036-43FA-96E4-5AC2829CEACD
/TXT_Materials/TXT_Stones,Grey sandstone,74D1A062-7824-4D21-87A0-D39F6E9227B5
/TXT_Materials/TXT_Stones,Orange sandstone,7E912B8B-23EA-47D6-B4CE-7C98B9583105
/TXT_Materials/TXT_Stones,Yellow sandstone,08AAA0AB-3D21-4552-BB27-5A94551B19EE
/TXT_Materials/TXT_Wood,Wood siding 01,2DA474F1-77CA-4501-86FE-1AEBCB104132
/TXT_Materials/TXT_Wood,Ipe A,470C0F12-6387-4035-B4B0-014232C06E51
/TXT_Materials/TXT_Wood,Chestnut 01 A,CB60C93A-3D47-4625-9C77-9236620F25C9
/TXT_Materials/TXT_Wood,Maple 01 A,4B0FC7CF-BF11-45D6-8778-6B54DECB5B82
/TXT_Materials/TXT_Wood,Redcedar 01 A,4D442113-8FF0-4BD9-9933-201587D3C3C5
/TXT_Materials/TXT_Wood,Ash 01 B,EECAD7DD-D77C-4AA8-B6C1-075CC215D9BE
/TXT_Materials/TXT_Wood,Redcedar 02 B,A0519A30-C68F-4098-A4E8-F2FEB5C25545
/TXT_Materials/TXT_Wood,Maple 02 B,56E2B7CB-1BCA-4577-A41F-4182921841C0
/TXT_Materials/TXT_Wood,Redcedar 03 B,EA3D0696-46F7-4DDE-B292-69E42A29A31A
/TXT_Materials/TXT_Wood,Wenge 01 B,D25EF269-54BF-402E-8CDA-9CBF8923F207
/TXT_Materials/TXT_Wood,Chestnut 02 C,6E68B3E8-3765-4A03-8A9E-A1B1FE83C756
/TXT_Materials/TXT_Wood,Ipe 02 C,A1BBC048-0C7A-4055-8786-1F038D7DB8DA
/TXT_Materials/TXT_Wood,Maple 03 C,36DA465B-1961-422D-972F-05BCB50B95C8
/TXT_Materials/TXT_Wood,Mult 01 D,9C303260-1B34-42C5-B9CC-85C1A11BF1DC
/TXT_Materials/TXT_Wood,Mult 02 D,DA479CBF-CF29-40EB-B558-D82FEDD12A0D
/TXT_Materials/TXT_Wood,Mult 03 D,0CFEED52-0898-4824-AF9E-353096DEB19B
/TXT_Materials/TXT_Wood,Ash 02 D,248A18BA-A2A7-481B-8625-C10D5A113984
/TXT_Materials/TXT_Wood,Chestnut 03 D,060B1864-2A13-4A2A-A130-140405941A3B
/TXT_Materials/TXT_Wood,Mult 04 D,A064FAEF-E310-4696-9B11-FCDF09FB3D52
/TXT_Materials/TXT_Wood,Ash 03 D,4B7DCEB3-78D9-4463-A43E-656F75CD6024
/TXT_Materials/TXT_Wood,Mahogany 01 D,34BD7E89-2DB0-4A66-8483-51D49375EE61
/TXT_Materials/TXT_Wood,Maple 04 D,EF86EA09-D117-4499-957F-A859E941C82B
/TXT_Materials/TXT_Wood,Mult 05 D,63ADB6F9-B18B-4D3C-8018-2A036B0FFEBB
/TXT_Materials/TXT_Wood,Wenge 02 E,0BB97DDD-2D06-46F3-BDE9-F2DC508583F5
/TXT_Materials/TXT_Wood,Olive 01 E,330FB0F1-47F3-499A-88D0-164EB6BCA286
/TXT_Materials/TXT_Wood,Ash 04 E,D170F875-5E86-46C3-B731-B96E5E5951C0
/TXT_Materials/TXT_Wood,Chestnut 04 E,ACCCAF4F-C531-43F6-958E-D55BB5E27468
/TXT_Materials/TXT_Wood,Oak 01 E,B5751065-EB2D-4501-9B89-DBFBE98977E2
/TXT_Materials/TXT_Wood,Redcedar 04 E,8B6785B5-69BD-46BE-83F9-8D95DDA016E3
/TXT_Materials/TXT_Wood,Oak 02 F,20F5341C-DFCA-489D-8D95-1C42787C727B
/TXT_Materials/TXT_Wood,Redcedar 05 F,1F679036-7FFF-4334-A2E8-F0CC8F481511
/TXT_Materials/TXT_Wood,Mahogany 02 F,7EFB9241-8162-4F42-A517-5A74AD977A00
/TXT_Materials/TXT_Wood,Maple 05 F,FBA7AD84-8D1A-4E83-A8FD-14B1EC6582CF
/TXT_Materials/TXT_Wood,Wenge 03 F,BB1B4A45-3D2E-4A1A-9BA0-3A9F50E00CB1
/TXT_Materials/TXT_Wood,Redcedar 06 G,2C482146-2694-4A6A-9FA5-A292B7946355
/TXT_Materials/TXT_Wood,Oak 03 G,BACDB445-EC56-4A00-B2FD-A9F9133C72AB
/TXT_Materials/TXT_Wood,Olive 02 G,08E21348-506B-4BD9-B63D-F9213CCE2B65
/TXT_Materials/TXT_Wood,Chestnut 05 G,EE44B9F4-6EE2-40A4-BEF2-F2B64970503C
/TXT_Materials/TXT_Wood,Mahogany 03 G,7C43FAF2-EE02-4DCA-B150-0CC5B876B9FC
/TXT_Materials/TXT_Wood,Ash 05 G,CEAF697B-866D-4A00-9991-7B3947F936CD
/TXT_Materials/TXT_Wood,Ash 06 G,FFA907F2-0713-4DB3-A42D-DEDFF6A0A912
/TXT_Materials/TXT_Wood,Oak 04 G,27EDB31D-F72A-4B71-9CBC-74D5EA19A40E
/TXT_Materials/TXT_Wood,Mahogany 04 G,1F8D2DF6-2BAB-43C9-BE51-C718AF5E61F7
/TXT_Materials/TXT_Wood,Redcedar 07 G,CA4D477E-84BB-4CEB-A626-1779AB946B2B
/TXT_Materials/TXT_Wood,Redcedar 08 G,2DFD1BE5-5582-403C-86B5-6CEDE73D9EA9
/TXT_Materials/TXT_Wood,Chestnut 06 H,868523FD-EB8D-4DCC-8EB6-F77A378F3214
/TXT_Materials/TXT_Wood,Wenge 04 H,E9ECDB7A-5404-4B57-AB93-63FFB5EA64EE
/TXT_Materials/TXT_Wood,Oak 05 H,AA29ED37-7344-4971-B961-DF7E09AA205A
/TXT_Materials/TXT_Wood,Mahogany 05 H,B935AEC0-5367-479B-B311-AEB22A2716CC
/TXT_Materials/TXT_Wood,Maple 05 H,41D97749-E031-4EF2-A24B-8E69D96811A6
/TXT_Materials/TXT_Wood,Olive 03 H,23CEFBB9-C844-48CA-A37E-83EFB00B2D6F
/TXT_Materials/TXT_Wood,Wenge 05 I,77D7D5EB-8B12-4523-B8CF-2D3EB0718F0A
/TXT_Materials/TXT_Wood,Chestnut 07 I,EFFC764F-C46D-4205-A1F7-0A68077DFE9F
/TXT_Materials/TXT_Wood,Redcedar 09 I,6E31C588-BFBF-446E-83D7-2FFA1729B214
/TXT_Materials/TXT_Wood,Ash 07 I,FE0647A9-B0CC-4866-A298-BE53FBC9A081
/TXT_Materials/TXT_Wood,Old planks,6F77AB42-418D-4975-A7B1-25AC4BAAC451
/TXT_Materials/TXT_Wood,Rough planks,89C4A42E-A60E-4E06-ACA0-3E4720940F7D
/TXT_Materials/TXT_Wood,Plywood 01,F3D70F26-5DC4-438C-8F5F-2FF7C061A0F2
/TXT_Materials/TXT_Wood,Plywood 02,9FB3C9B1-35BF-4C1B-A0BD-6CD0B8697370
/TXT_Materials/TXT_Wood,Paneling 01,DA290FF6-6338-4167-9C74-8122ED80BFBA
/TXT_Materials/TXT_Wood,Tree bark 01,E77A4CF5-BCFB-4A1A-AF33-F62D0224C8F2
/TXT_Materials/TXT_Concrete,Bare concrete 01,F9B4FD1A-8061-4A0E-ABD0-E9902B3A7C2B
/TXT_Materials/TXT_Concrete,Bare concrete 02,0451F1CB-B9FF-43E7-BD78-1883D84E4D3B
/TXT_Materials/TXT_Concrete,Bare concrete 03,53A22BA5-4F1A-489A-8067-D2AE655393CD
/TXT_Materials/TXT_Concrete,Base context,00D76394-C9AE-4B82-ADE0-34C5CD1AC3C8
/TXT_Materials/TXT_Concrete,Concrete slabs 01,8972F663-795F-4842-9E25-B294E321EB1A
/TXT_Materials/TXT_Concrete,Concrete slabs 02,583C8F2D-AD2F-4812-87FC-3FA3D727B806
/TXT_Materials/TXT_Concrete,Exposed aggregate concrete 01,1053A2C4-CABF-4D8B-9B35-EDE9624D3E3E
/TXT_Materials/TXT_Concrete,Fine concrete 01,73FBE893-1B22-425E-8993-86750E7D958D
/TXT_Materials/TXT_Concrete,Polished concrete 01,5A68CA50-E17C-4968-87A5-853C3F3CADFC
/TXT_Materials/TXT_Concrete,Polished concrete 02,924C3850-8374-4A4C-B41C-E8A8BFD97BC3
/TXT_Materials/TXT_Concrete,Poured concrete 01,6062DCE5-56B6-4085-B139-D1698A4F3F01
/TXT_Materials/TXT_Concrete,Poured concrete 02,132AD905-DD9D-4FC0-A480-F07C316C5E48
/TXT_Materials/TXT_Concrete,Poured concrete 03,04E26C95-653C-460E-9511-E914EA20EFD3
/TXT_Materials/TXT_Concrete,Poured concrete 04,0A6313E7-DF31-4A0A-A88A-DC89F8A1019D
/TXT_Materials/TXT_Concrete,Poured concrete 05,2353A9E8-7A7E-4C6C-ADB9-1822E21C8CE4
/TXT_Materials/TXT_Concrete,Poured concrete 06,C8ED45CA-CD86-4753-929D-57414A298CB6
/TXT_Materials/TXT_Concrete,Soft concrete 01,FEE8607C-DEA2-4418-BEF5-899B8C5C44AB
/TXT_Materials/TXT_Concrete,Soft concrete 02,EEF7A028-2664-4FEB-B578-01FFC1D3A49C
/TXT_Materials/TXT_Concrete,Striated concrete 01,82784394-BE73-42CE-ABD3-E9E4BE001BFC
/TXT_Materials/TXT_Concrete,Striated concrete 02,D5D1BB85-BF6F-450E-80F5-624512B1773A
/TXT_Materials/TXT_Concrete,Swept concrete 01,44E15488-FCA2-4028-AD9B-2BBD9B1AF762
/TXT_Materials/TXT_Concrete,Swept concrete 02,DF1C07E7-C07E-47D6-8DF8-E3C0D79A82B9
/TXT_Materials/TXT_Metal,Brushed aluminium 01,919EF961-EB2F-4563-816F-5C5148492A01
/TXT_Materials/TXT_Metal,Brass,5366601D-F8A7-48BA-AB65-74730FFCE4A4
/TXT_Materials/TXT_Metal,Slightly worn brass,D98A01AE-BF45-4FAB-A4C8-22E5DD8400B5
/TXT_Materials/TXT_Metal,Bronze,84BDB091-964A-442C-9A7C-887163420D25
/TXT_Materials/TXT_Metal,Slightly worn bronze,B8B3446C-E936-4A60-8B3C-16F291288586
/TXT_Materials/TXT_Metal,Chrome,A69E632D-FE4D-4AFD-AD1A-A9471F96B06C
/TXT_Materials/TXT_Metal,Matt chrome,B5E8D91A-F639-441F-9731-C22EB1F355E0
/TXT_Materials/TXT_Metal,Slightly worn chrome,6DACB5A0-F0E0-453F-822D-A66DDB7C608E
/TXT_Materials/TXT_Metal,Copper,3230D9E6-FB65-40C4-AD53-D755D60D2654
/TXT_Materials/TXT_Metal,Light copper,53E8C5F5-F452-415D-8C15-D0035409B240
/TXT_Materials/TXT_Metal,Slightly worn copper,BDE6BC4E-44FD-42C3-AC74-A629B18C4B79
/TXT_Materials/TXT_Metal,Hammered copper,62A36786-1CF3-4CCA-A562-2FF60A4CCE12
/TXT_Materials/TXT_Metal,Gold,D8E6D987-5DC8-4296-8B90-B6E02ADA88EB
/TXT_Materials/TXT_Metal,Slightly worn gold,BB027BEC-3780-44DE-A04F-90ADBA5DE94F
/TXT_Materials/TXT_Metal,Foil gold,0BBA789F-773B-4872-910E-5612D7EEDB67
/TXT_Materials/TXT_Metal,Silver,CAC63920-4338-47C7-A6BD-6C3C300778C8
/TXT_Materials/TXT_Metal,Slightly worn silver,ED4CD6BD-90DF-4268-8C69-F6A85635BF98
/TXT_Materials/TXT_Metal,Galvanised steel 01,D32ACAB2-CB10-436E-B764-55AE8A192A17
/TXT_Materials/TXT_Metal,Galvanised steel 02,C6774026-479E-47D5-8BFA-F7289CE9C351
/TXT_Materials/TXT_Metal,Carbon,B69A529C-2C03-449E-B552-73CD28AE863A
/TXT_Materials/TXT_Metal,Aluminium panels 150wide,764D998B-EA34-44CB-A5B7-AB81E861B581
/TXT_Materials/TXT_Metal,Aluminium panels 150x30,AAEAAE66-4542-48B4-A1C8-46AFCB837788
/TXT_Materials/TXT_Metal,Aluminium panels 150x37 staggered rows,0A503C8F-64D3-46D7-BADB-E9991E5E0FCF
/TXT_Materials/TXT_Metal,Aluminium panels 150x150,874B9737-CB26-47E7-82A1-1B9DA1627045
/TXT_Materials/TXT_Metal,Aluminium panels 300x150,D301E963-A107-47C2-9343-8F9C38D8014A
/TXT_Materials/TXT_Metal,Aluminium siding 01,4A458AAE-77AD-4222-8F56-294839531FEB
/TXT_Materials/TXT_Metal,Aluminium siding 02,4262463C-807D-43C2-8FAA-3B52FFD5A24A
/TXT_Materials/TXT_Metal,Aluminium siding 03,AD0A4B8D-2E5D-4F15-A1EE-F9C0BE1036E9
/TXT_Materials/TXT_Metal,Aluminium siding 04,A5485B17-02C2-4715-83F2-94D95FDC0951
/TXT_Materials/TXT_Metal,Aluminium swirls 01,4EBBB466-4523-46D4-ACC0-FF1A0EB6E2DC
/TXT_Materials/TXT_Metal,Corten steel 01,305E0868-E138-4B5C-A7A4-F7D62F82CE9D
/TXT_Materials/TXT_Metal,Corten steel panels 50x150,CED11FC4-AF79-4933-A0FA-1247C2E9F93E
/TXT_Materials/TXT_Metal,Diamond plate 01,EEC00C0C-F892-446F-B725-4E84143D99CE
/TXT_Materials/TXT_Metal,Diamond plate 02,154942CE-3E87-465E-912A-4AFC65BB62C6
/TXT_Materials/TXT_Metal,Diamond plate 03,56A75C88-4B0B-4804-A2A6-A748A4BDBDA6
/TXT_Materials/TXT_Metal,Heavy metal flake paint,70378803-953F-453C-8413-A85ACFCB8245
/TXT_Materials/TXT_Metal,Light metal flake paint,3343AF97-A221-46AB-A7DC-C4B7DA5B2229
/TXT_Materials/TXT_Metal,Steel ground 01,A672463E-570F-465F-9000-3CB073FD2D8F
/TXT_Materials/TXT_Metal,Titanium scales,E1528F9A-102D-4EF3-A279-19D1A3827E14
/TXT_Materials/TXT_Metal,Brushed 01,AC574A57-FF29-0309-A423-9925067CF309
/TXT_Materials/TXT_Glass,Clear glass,C9A5CC52-BA0B-4444-A20C-0D48BA3A3B31
/TXT_Materials/TXT_Glass,Clear glass green 01,7C4353D4-5061-4CCA-9C14-073D72AF073F
/TXT_Materials/TXT_Glass,Clear glass green 02,242A7AC1-9A9D-4B74-96B6-2F58E4E57788
/TXT_Materials/TXT_Glass,Clear glass blue,68D612D7-2AC5-4DC6-8481-385DEFDF062D
/TXT_Materials/TXT_Glass,Reflective glass,89AEDC6B-FD12-4AA4-B328-2A4F555B3E34
/TXT_Materials/TXT_Glass,Two sided glass,50F1F077-8EB0-4761-A29E-ADE4953FFF31
/TXT_Materials/TXT_Glass,Mirror,383B4E67-B739-45FB-B23E-360678DFEDB0
/TXT_Materials/TXT_Glass,Frosted glass,6CC668A2-326F-484A-AEE0-DA103607C650
/TXT_Materials/TXT_Glass,Item glass,96D73FEE-C731-41A2-8A16-F31327893A32
/TXT_Materials/TXT_Glass,Contora pattern glass,43BE282F-F113-4F71-8BDA-FADDA64A8F62
/TXT_Materials/TXT_Glass,Arctic pattern glass,4760BC7F-0AA0-4B4E-9A8B-8AB21B10BC91
/TXT_Materials/TXT_Glass,Digital pattern glass,374006FF-BF5B-4937-814D-9D867895F3D9
/TXT_Materials/TXT_Glass,Charcoal pattern glass,94A9DB1D-AEC8-461E-A8E1-6300C74D5199
/TXT_Materials/TXT_Glass,Autumn pattern glass,258BDE2F-1942-40B1-954B-3069B21EB11F
/TXT_Materials/TXT_Glass,Stripe pattern glass,8F78D2B7-6C25-42BB-BD94-D3B532FA34AF
/TXT_Materials/TXT_Glass,Line pattern,705708CB-2969-413E-8EC1-81C255AD30ED
/TXT_Materials/TXT_Glass,Oriental pattern glass,20559B55-9DEF-4053-AE7D-C36097C2AA55
/TXT_Materials/TXT_Glass,Flower pattern glass,5B0F3E83-9B15-4273-A4D6-0A7296155E35
/TXT_Materials/TXT_Glass,Square blackout 25%,53C20802-8BBC-4096-8C6B-F8CD425EE274
/TXT_Materials/TXT_Glass,Square blackout 33%,C4CE4D82-11A3-45BB-AFA6-D35412F065C1
/TXT_Materials/TXT_Glass,Square blackout 50%,B8B50AC8-94CB-477C-9EF7-3A4DC6FA0B41
/TXT_Materials/TXT_Glass,Square blackout 75%,DC050880-3363-456C-9A6B-08A81D416BE7
/TXT_Materials/TXT_Glass,Circle blackout 25%,258457E3-91EE-4EE8-97A1-C74D95F3F522
/TXT_Materials/TXT_Glass,Circle blackout 33%,9029FE00-F35F-4449-A0CD-B4BF3DC90FF9
/TXT_Materials/TXT_Glass,Circle blackout 50%,C369006E-5206-44A5-BD8F-8EC8A3BECD89
/TXT_Materials/TXT_Glass,Circle blackout 75%,3D4BACD2-DEAF-4CAE-A898-434D3380BC78
/TXT_Materials/TXT_Glass,Halfcut sticker,E2FE13C9-8642-4FE4-8986-B969BE0D3AE6
/TXT_Materials/TXT_Glass,Fading halfcut sticker,F5443BD8-543E-4BB6-82EA-AA1191C3E576
/TXT_Materials/TXT_Glass,Large stripe sticker,7A802D4D-426E-4E99-AD3E-E93D64DC1DFB
/TXT_Materials/TXT_Glass,Ladder sticker,19D2BAD9-BD5C-4B7E-839E-94B7F7FD5D8D
/TXT_Materials/TXT_Glass,Office sticker,9A47DCC2-5009-4D5D-A8AF-B17C8A625658
/TXT_Materials/TXT_Glass,Square sticker,4F3784A6-DE30-4AA4-B76B-47F756DD67E8
/TXT_Materials/TXT_Glass,Triangle sticker,B2A4717C-E0B9-43D7-AB8C-66D75238C1BF
/TXT_Materials/TXT_Glass,Design sticker,43397061-8993-4FFB-80D6-D35EEE2C2BCA
/TXT_Materials/TXT_Glass,Floral sticker,DC9F6041-FE35-4F30-BE73-7256322C46FE
/TXT_Materials/TXT_Glass,Wavy sticker,648CF253-71D0-4E90-9836-5E717CDB07FE
/TXT_Materials/TXT_Glass,Cobblestone sticker,BC9F72A2-E98A-4F58-96DC-261037435A62
/TXT_Materials/TXT_Glass,Blue tinted glass,4FC82ACB-BCEA-46B3-A5C8-3B486AFCCFD6
/TXT_Materials/TXT_Glass,Turquoise tinted glass,32F628E7-BF4C-440B-9B64-6174E3957FAB
/TXT_Materials/TXT_Glass,Green tinted glass,DFC1CEEE-857F-4A48-BF24-93EE966E2BB9
/TXT_Materials/TXT_Glass,Light yellow tinted glass,10814333-2EE2-43B6-ADF5-94E483D82B4C
/TXT_Materials/TXT_Glass,Sunny yellow tinted glass,43B68D3F-8368-4002-9377-9BAC86964AD7
/TXT_Materials/TXT_Glass,Orange tinted glass,DCCBD4AA-5679-4D47-A4F0-29D3BF30DF0F
/TXT_Materials/TXT_Glass,Pink tinted glass,63B091E4-141C-485D-A258-C8965B12E9F8
/TXT_Materials/TXT_Glass,Violet tinted glass,D98A1D91-23B8-4CB3-AC48-1F1BBE4A2521
/TXT_Materials/TXT_Glass,Dark blue tinted glass,BFABB95C-3406-4C37-98AC-DE96845F2D2D
/TXT_Materials/TXT_Glass,Dark tinted glass,E32C4383-38F3-476A-B423-60E7E74C653B
/TXT_Materials/TXT_Glass,Blue lacquered glass,65F74FBA-09DE-420B-A3EC-D347B33B56E1
/TXT_Materials/TXT_Glass,Turquoise lacquered glass,553F3C81-68DF-4C3F-B8F7-DCCCA91AD898
/TXT_Materials/TXT_Glass,Green lacquered glass,F0D39124-D777-45B8-BFEE-D716652B559B
/TXT_Materials/TXT_Glass,Light yellow lacquered glass,69688290-C21A-4E1E-9DEF-9FC428688AF4
/TXT_Materials/TXT_Glass,Sunny yellow lacquered glass,9B34CAD9-62CA-405D-BD8C-7D799C82FEBB
/TXT_Materials/TXT_Glass,Orange lacquered glass,D8B54F4F-0E10-41C4-80A9-96D42649EE43
/TXT_Materials/TXT_Glass,Pink lacquered glass,12AF04EB-6B6F-4800-A3DC-936263CF6E81
/TXT_Materials/TXT_Glass,Violet lacquered glass,77874835-C1A4-4461-934D-677C02A20D7E
/TXT_Materials/TXT_Glass,Dark blue lacquered glass,A371BB91-9ED3-4643-9810-627F6EEF05C9
/TXT_Materials/TXT_Glass,Black lacquered glass,4C3B7DAA-4830-4C93-B095-6A71505B5464
/TXT_Materials/TXT_Glass,Glass brick,3AA1196A-7EEC-4462-8E16-70B1E9F2E098
/TXT_Materials/TXT_Glass,Bubbles glass brick,DF79F08A-AA23-472C-BD89-5603A444279B
/TXT_Materials/TXT_Glass,Stripe glass brick,6AFFA2E8-6B3F-4850-A26A-315A31FD8B7B
/TXT_Materials/TXT_Glass,Red ladder glass brick,F3A031B3-605F-4F8E-87B7-BE41983AD659
/TXT_Materials/TXT_Glass,Yellow various glass brick,2CFE64C8-9678-4F3A-889F-46E8BEBDCF8B
/TXT_Materials/TXT_Glass,Blue bubbles glass brick,7B8F97E6-6989-485A-AAD8-32EB5D9BEFF4
/TXT_Materials/TXT_Glass,Yellow and red stripe glass brick,7F31D8EB-4007-4653-AAC6-DC8B7C614DFB
/TXT_Materials/TXT_Glass,Sunny glass brick,8344B6E3-F69D-4F72-98D6-1F0DBBF4C75F
/TXT_Materials/TXT_Glass,Yellow glass brick,17611B52-BC29-428D-9204-86BF26FC9877
/TXT_Materials/TXT_Glass,Polychromatic glass 01,9F344BCB-C279-46E6-85FA-5F33652AD7FD
/TXT_Materials/TXT_Glass,Polychromatic glass 02,B306F325-59F8-41E2-B4D6-863D556B213F
/TXT_Materials/TXT_Glass,Polychromatic glass 03,5A7A30A6-0E7D-4779-A1EA-798292D9D531
/TXT_Materials/TXT_Glass,Polychromatic glass 04,2DC81F14-A8D8-4424-9F21-A2212F7ED8A1
/TXT_Materials/TXT_Glass,Polychromatic glass 05,34EDA6DD-7193-445D-A24A-3462DAAB9F08
/TXT_Materials/TXT_Glass,Polychromatic glass 06,679A1CD7-0297-47F2-A6EE-4F51CEE8893C
/TXT_Materials/TXT_Glass,Polychromatic glass 07,2642E0E6-E165-471A-AD52-B81D01A9AD0D
/TXT_Materials/TXT_Glass,Polychromatic glass 08,8FEEFA6A-2A16-4C47-8D8E-19DA3DC703B2
/TXT_Materials/TXT_Glass,Polychromatic glass 09,22B7B0CB-05E8-4933-AD0A-136650FA6E60
/TXT_Materials/TXT_Glass,Polychromatic glass 10,C8EF1779-156F-4261-8222-EE0CA7760E23
